{
	"BoundingBox": [[-0.36,-1.261,-0.2033],[1.08,2.012,1.27]],
	"Braking G":0.697,
	"Config Type":"Custom",
	"Configuration":"Turbo XS (M)",
	"Description":"Want fast boost? well I hope you don't want power",
	"Drivetrain":"RWD",
	"Fuel Type":"Petrol",
	"Induction Type":"NA",
	"Off-Road Score":34,
	"Population":1,
	"Power":21.7,
	"PowerPeakRPM":"1800 - 2600",
	"Propulsion":"ICE",
	"Torque":40,
	"TorquePeakRPM":"1500 - 2800",
	"Transmission":"Manual",
	"Value":120001,
	"Weight":592,
	"default_color":"Sunset Purple",
	"default_color_2":"Midnight Pearl"
}