{
	"BoundingBox": [[-0.36,-1.261,-0.2033],[1.08,2.012,1.27]],
	"Config Type": "Custom",
	"Configuration": "Turbo XXXL (Truck Axle)",
	"Description": "See? You're dead now, here have some bigger wheels.",
	"Drivetrain": "RWD",
	"Fuel Type": "Petrol",
	"Induction Type": "NA",
	"Off-Road Score": 34,
	"Population": 1,
	"Power": 8720,
	"PowerPeakRPM": "25500 - 27500",
	"Propulsion": "ICE",
	"Torque": 2415,
	"TorquePeakRPM": "24800 - 25800",
	"Transmission": "Manual",
	"Value": 120009,
	"Weight": 1000,
	"default_color": "Sunset Purple",
	"default_color_2": "Midnight Pearl"
}